date,kop_dep
2020-05-28,909358.64
2020-06-01,895955.14
2020-06-05,943561.43
2020-06-10,2128644.62
2020-06-15,1591854.4
2020-06-25,1271010.82
2020-07-10,1444741.23
2020-07-15,1439472.27
2020-07-20,1831875.99
2020-07-28,1570877.45
2020-08-05,2756395.28
2020-08-10,1825027.12
2020-08-20,1806529.19
2020-08-25,1817985.9
2020-08-28,1329862.6
2020-09-01,1355269.01
2020-09-10,1715748.3
2020-09-15,1731190.4
