date,rate
2020-05-28,5.5
2020-06-01,5.5
2020-06-05,5.5
2020-06-10,5.5
2020-06-15,5.5
2020-06-25,4.5
2020-07-10,4.5
2020-07-15,4.5
2020-07-20,4.5
2020-07-28,4.25
2020-08-05,4.25
2020-08-10,4.25
2020-08-20,4.25
2020-08-25,4.25
2020-08-28,4.25
2020-09-01,4.25
2020-09-10,4.25
2020-09-15,4.25
